12.05.2023 10:35:08, user, 1, 0, "Paired beacons angle visible", enabled, disabled
12.05.2023 10:35:11, user, 1, 1, "Rotation, degrees", 0.0, 176.0
12.05.2023 10:35:11, user, 1, 1, "Extrapolation", enabled, disabled
12.05.2023 10:35:11, user, 1, 1, "High resolution mode (mm)", enabled, disabled
12.05.2023 10:35:11, user, 1, 0, "Service zones visible", disabled, enabled
12.05.2023 10:35:11, user, 1, 0, "Service zones active", disabled, enabled
12.05.2023 10:35:11, user, 1, 1, "Samples number (1..10)", 3, 0
12.05.2023 10:35:11, user, 1, 1, "Max. distance between updates, m (0.1..2.5)", 0.5, 0.0
12.05.2023 10:35:11, user, 1, 1, "Window of averaging (0..16)", 0, 4
12.05.2023 10:35:11, user, 1, 1, "Distance filter (0..16)", 8, 0
12.05.2023 10:35:11, user, 1, 1, "Max. hedges readout per cycle (1..255)", 10, 0
12.05.2023 10:35:11, user, 1, 1, "Jitter granularity, ms (1..16)", 3, 1
12.05.2023 10:35:11, user, 1, 1, "Jitter area, % (0..50)", 25, 0
12.05.2023 10:35:11, user, 1, 1, "Reset timeout w/o dashboard, min (1..127)", 1, 0
12.05.2023 10:35:21, user, 1, 1, "Rotation, degrees", 176.0, 48.0
12.05.2023 10:35:22, user, 1, 1, "Rotation, degrees", 48.0, 176.0
12.05.2023 10:35:24, user, 1, 1, "Rotation, degrees", 176.0, 48.0
12.05.2023 10:35:30, user, 1, 1, "Rotation, degrees", 48.0, 176.0
12.05.2023 10:35:32, user, 1, 1, "Rotation, degrees", 176.0, 48.0
12.05.2023 10:35:37, user, 1, 1, "Rotation, degrees", 48.0, 176.0
12.05.2023 10:35:41, user, 1, 1, "Rotation, degrees", 176.0, 48.0
12.05.2023 10:35:44, user, 1, 1, "Rotation, degrees", 48.0, 176.0
12.05.2023 10:35:48, user, 1, 1, "Rotation, degrees", 176.0, 48.0
12.05.2023 10:35:53, user, 1, 1, "Rotation, degrees", 48.0, 176.0
12.05.2023 10:35:54, user, 1, 1, "Rotation, degrees", 176.0, 48.0
12.05.2023 10:36:00, user, 1, 1, "Rotation, degrees", 48.0, 176.0
12.05.2023 10:36:02, user, 1, 1, "Rotation, degrees", 176.0, 48.0
12.05.2023 10:36:06, user, 1, 1, "Rotation, degrees", 48.0, 176.0
12.05.2023 10:36:10, user, 1, 1, "Rotation, degrees", 176.0, 48.0
12.05.2023 10:36:14, user, 1, 1, "Rotation, degrees", 48.0, 176.0
12.05.2023 10:36:19, user, 1, 1, "Rotation, degrees", 176.0, 48.0
12.05.2023 10:36:24, user, 1, 1, "Rotation, degrees", 48.0, 176.0
12.05.2023 10:36:27, user, 1, 1, "Rotation, degrees", 176.0, 48.0
12.05.2023 10:36:31, user, 1, 1, "Rotation, degrees", 48.0, 176.0
12.05.2023 10:36:34, user, 1, 1, "Rotation, degrees", 176.0, 48.0
12.05.2023 10:36:38, user, 1, 1, "Rotation, degrees", 48.0, 176.0
12.05.2023 10:36:42, user, 1, 1, "Rotation, degrees", 176.0, 48.0
12.05.2023 10:36:46, user, 1, 1, "Rotation, degrees", 48.0, 176.0
12.05.2023 10:36:48, user, 1, 1, "Rotation, degrees", 176.0, 48.0
12.05.2023 10:36:52, user, 1, 1, "Rotation, degrees", 48.0, 176.0
12.05.2023 10:36:56, user, 1, 1, "Rotation, degrees", 176.0, 48.0
12.05.2023 10:37:01, user, 1, 1, "Rotation, degrees", 48.0, 176.0
12.05.2023 10:37:03, user, 1, 1, "Rotation, degrees", 176.0, 48.0
12.05.2023 10:37:04, user, 1, 1, "Rotation, degrees", 48.0, 176.0
12.05.2023 10:37:05, user, 1, 1, "Rotation, degrees", 176.0, 48.0
12.05.2023 10:37:06, user, 1, 1, "Rotation, degrees", 48.0, 176.0
12.05.2023 10:37:07, user, 1, 1, "Rotation, degrees", 176.0, 48.0
12.05.2023 10:37:10, user, 1, 1, "Rotation, degrees", 48.0, 176.0
12.05.2023 10:37:13, user, 1, 1, "Rotation, degrees", 176.0, 48.0
12.05.2023 10:37:16, user, 1, 1, "Rotation, degrees", 48.0, 176.0
12.05.2023 10:37:20, user, 1, 1, "Rotation, degrees", 176.0, 48.0
12.05.2023 10:37:26, user, 1, 1, "Rotation, degrees", 48.0, 176.0
12.05.2023 10:37:28, user, 1, 1, "Rotation, degrees", 176.0, 48.0
12.05.2023 10:37:33, user, 1, 1, "Rotation, degrees", 48.0, 176.0
12.05.2023 10:37:35, user, 1, 1, "Rotation, degrees", 176.0, 48.0
12.05.2023 10:37:36, user, 1, 1, "Rotation, degrees", 48.0, 176.0
12.05.2023 10:37:37, user, 1, 1, "Rotation, degrees", 176.0, 48.0
12.05.2023 10:37:38, user, 1, 1, "Rotation, degrees", 48.0, 176.0
12.05.2023 10:37:39, user, 1, 1, "Rotation, degrees", 176.0, 48.0
12.05.2023 10:37:43, user, 1, 1, "Rotation, degrees", 48.0, 176.0
12.05.2023 10:37:44, user, 1, 1, "Rotation, degrees", 176.0, 48.0
12.05.2023 10:37:45, user, 1, 1, "Rotation, degrees", 48.0, 176.0
12.05.2023 10:37:46, user, 1, 1, "Rotation, degrees", 176.0, 48.0
12.05.2023 10:37:50, user, 1, 1, "Rotation, degrees", 48.0, 176.0
12.05.2023 10:37:55, user, 1, 1, "Rotation, degrees", 176.0, 48.0
12.05.2023 10:38:03, user, 1, 1, "Rotation, degrees", 48.0, 176.0
12.05.2023 10:38:05, user, 1, 1, "Rotation, degrees", 176.0, 48.0
12.05.2023 10:38:08, user, 1, 1, "Rotation, degrees", 48.0, 176.0
12.05.2023 10:38:13, user, 1, 1, "Rotation, degrees", 176.0, 48.0
12.05.2023 10:38:14, user, 1, 1, "Rotation, degrees", 48.0, 176.0
12.05.2023 10:38:20, user, 1, 1, "Rotation, degrees", 176.0, 48.0
12.05.2023 10:38:26, user, 1, 1, "Rotation, degrees", 48.0, 176.0
12.05.2023 10:38:29, user, 1, 1, "Rotation, degrees", 176.0, 48.0
12.05.2023 10:38:31, user, 1, 1, "Rotation, degrees", 48.0, 176.0
12.05.2023 10:38:32, user, 1, 1, "Rotation, degrees", 176.0, 48.0
12.05.2023 10:38:33, user, 1, 1, "Rotation, degrees", 48.0, 176.0
12.05.2023 10:38:34, user, 1, 1, "Rotation, degrees", 176.0, 48.0
12.05.2023 10:38:38, user, 1, 1, "Rotation, degrees", 48.0, 176.0
12.05.2023 10:38:39, user, 1, 1, "Rotation, degrees", 176.0, 48.0
12.05.2023 10:38:40, user, 1, 1, "Rotation, degrees", 48.0, 176.0
12.05.2023 10:38:41, user, 1, 1, "Rotation, degrees", 176.0, 48.0
12.05.2023 10:38:42, user, 1, 1, "Rotation, degrees", 48.0, 176.0
12.05.2023 10:38:43, user, 1, 1, "Rotation, degrees", 176.0, 48.0
12.05.2023 10:38:47, user, 1, 1, "Rotation, degrees", 48.0, 176.0
12.05.2023 10:38:48, user, 1, 1, "Rotation, degrees", 176.0, 48.0
12.05.2023 10:38:52, user, 1, 1, "Rotation, degrees", 48.0, 176.0
12.05.2023 10:38:53, user, 1, 1, "Rotation, degrees", 176.0, 48.0
12.05.2023 10:38:55, user, 1, 1, "Rotation, degrees", 48.0, 176.0
12.05.2023 10:38:57, user, 1, 1, "Rotation, degrees", 176.0, 48.0
12.05.2023 10:38:58, user, 1, 1, "Rotation, degrees", 48.0, 176.0
12.05.2023 10:38:59, user, 1, 1, "Rotation, degrees", 176.0, 48.0
12.05.2023 10:39:02, user, 1, 1, "Rotation, degrees", 48.0, 176.0
12.05.2023 10:39:03, user, 1, 1, "Rotation, degrees", 176.0, 48.0
12.05.2023 10:39:05, user, 1, 1, "Rotation, degrees", 48.0, 176.0
12.05.2023 10:39:08, user, 1, 1, "Rotation, degrees", 176.0, 48.0
12.05.2023 10:39:09, user, 1, 1, "Rotation, degrees", 48.0, 176.0
12.05.2023 10:39:10, user, 1, 1, "Rotation, degrees", 176.0, 48.0
12.05.2023 10:39:14, user, 1, 1, "Rotation, degrees", 48.0, 176.0
12.05.2023 10:39:17, user, 1, 1, "Rotation, degrees", 176.0, 48.0
12.05.2023 10:39:21, user, 1, 1, "Rotation, degrees", 48.0, 176.0
12.05.2023 10:39:26, user, 1, 1, "Rotation, degrees", 176.0, 48.0
12.05.2023 10:39:29, user, 1, 1, "Rotation, degrees", 48.0, 176.0
12.05.2023 10:39:32, user, 1, 1, "Rotation, degrees", 176.0, 48.0
12.05.2023 10:39:40, user, 1, 1, "Rotation, degrees", 48.0, 176.0
12.05.2023 10:39:41, user, 1, 1, "Rotation, degrees", 176.0, 48.0
12.05.2023 10:39:46, user, 1, 1, "Rotation, degrees", 48.0, 176.0
12.05.2023 10:39:49, user, 1, 1, "Rotation, degrees", 176.0, 48.0
12.05.2023 10:39:50, user, 1, 1, "Rotation, degrees", 48.0, 176.0
12.05.2023 10:39:53, user, 1, 1, "Rotation, degrees", 176.0, 48.0
12.05.2023 10:39:56, user, 1, 1, "Rotation, degrees", 48.0, 176.0
12.05.2023 10:39:59, user, 1, 1, "Rotation, degrees", 176.0, 48.0
12.05.2023 10:40:03, user, 1, 1, "Rotation, degrees", 48.0, 176.0
12.05.2023 10:40:05, user, 1, 1, "Rotation, degrees", 176.0, 48.0
12.05.2023 10:40:06, user, 1, 1, "Rotation, degrees", 48.0, 176.0
12.05.2023 10:40:11, user, 1, 1, "Rotation, degrees", 176.0, 48.0
12.05.2023 10:40:14, user, 1, 1, "Rotation, degrees", 48.0, 176.0
12.05.2023 10:40:16, user, 1, 1, "Rotation, degrees", 176.0, 48.0
12.05.2023 10:40:21, user, 1, 1, "Rotation, degrees", 48.0, 176.0
12.05.2023 10:40:27, user, 1, 1, "Rotation, degrees", 176.0, 48.0
12.05.2023 10:40:29, user, 1, 1, "Rotation, degrees", 48.0, 176.0
12.05.2023 10:40:30, user, 1, 1, "Rotation, degrees", 176.0, 48.0
12.05.2023 10:40:32, user, 1, 1, "Rotation, degrees", 48.0, 176.0
12.05.2023 10:40:33, user, 1, 1, "Rotation, degrees", 176.0, 48.0
12.05.2023 10:40:36, user, 1, 1, "Rotation, degrees", 48.0, 176.0
12.05.2023 10:40:37, user, 1, 1, "Rotation, degrees", 176.0, 48.0
12.05.2023 10:40:38, user, 1, 1, "Rotation, degrees", 48.0, 176.0
12.05.2023 10:40:39, user, 1, 1, "Rotation, degrees", 176.0, 48.0
12.05.2023 10:40:42, user, 1, 1, "Rotation, degrees", 48.0, 176.0
12.05.2023 10:40:44, user, 1, 1, "Rotation, degrees", 176.0, 48.0
12.05.2023 10:40:54, user, 1, 1, "Rotation, degrees", 48.0, 176.0
12.05.2023 10:40:57, user, 1, 1, "Rotation, degrees", 176.0, 48.0
12.05.2023 10:41:04, user, 1, 1, "Rotation, degrees", 48.0, 176.0
12.05.2023 10:41:05, user, 1, 1, "Rotation, degrees", 176.0, 48.0
12.05.2023 10:41:06, user, 1, 1, "Rotation, degrees", 48.0, 176.0
12.05.2023 10:41:08, user, 1, 1, "Rotation, degrees", 176.0, 48.0
12.05.2023 10:41:09, user, 1, 1, "Rotation, degrees", 48.0, 176.0
12.05.2023 10:41:12, user, 1, 1, "Rotation, degrees", 176.0, 48.0
12.05.2023 10:41:13, user, 1, 1, "Rotation, degrees", 48.0, 176.0
12.05.2023 10:41:16, user, 1, 1, "Rotation, degrees", 176.0, 48.0
12.05.2023 10:41:17, user, 1, 1, "Rotation, degrees", 48.0, 176.0
12.05.2023 10:41:19, user, 1, 1, "Rotation, degrees", 176.0, 48.0
12.05.2023 10:41:24, user, 1, 1, "Rotation, degrees", 48.0, 176.0
12.05.2023 10:41:26, user, 1, 1, "Rotation, degrees", 176.0, 48.0
12.05.2023 10:41:27, user, 1, 1, "Rotation, degrees", 48.0, 176.0
12.05.2023 10:41:29, user, 1, 1, "Rotation, degrees", 176.0, 48.0
12.05.2023 10:41:30, user, 1, 1, "Rotation, degrees", 48.0, 176.0
12.05.2023 10:41:35, user, 1, 1, "Rotation, degrees", 176.0, 48.0
12.05.2023 10:41:37, user, 1, 1, "Rotation, degrees", 48.0, 176.0
12.05.2023 10:41:40, user, 1, 1, "Rotation, degrees", 176.0, 48.0
12.05.2023 10:41:46, user, 1, 1, "Rotation, degrees", 48.0, 176.0
12.05.2023 10:41:50, user, 1, 1, "Rotation, degrees", 176.0, 48.0
12.05.2023 10:41:54, user, 1, 1, "Rotation, degrees", 48.0, 176.0
12.05.2023 10:41:57, user, 1, 1, "Rotation, degrees", 176.0, 48.0
12.05.2023 10:42:02, user, 1, 1, "Rotation, degrees", 48.0, 176.0
12.05.2023 10:42:09, user, 1, 1, "Rotation, degrees", 176.0, 48.0
12.05.2023 10:42:11, user, 1, 1, "Rotation, degrees", 48.0, 176.0
12.05.2023 10:42:17, user, 1, 1, "Rotation, degrees", 176.0, 48.0
12.05.2023 10:42:20, user, 1, 1, "Rotation, degrees", 48.0, 176.0
12.05.2023 10:42:21, user, 1, 1, "Rotation, degrees", 176.0, 48.0
12.05.2023 10:42:27, user, 1, 1, "Rotation, degrees", 48.0, 176.0
12.05.2023 10:42:29, user, 1, 1, "Rotation, degrees", 176.0, 48.0
12.05.2023 10:42:31, user, 1, 1, "Rotation, degrees", 48.0, 176.0
12.05.2023 10:42:35, user, 1, 1, "Rotation, degrees", 176.0, 48.0
12.05.2023 10:42:37, user, 1, 1, "Rotation, degrees", 48.0, 176.0
12.05.2023 10:42:38, user, 1, 1, "Rotation, degrees", 176.0, 48.0
12.05.2023 10:42:41, user, 1, 1, "Rotation, degrees", 48.0, 176.0
12.05.2023 10:42:45, user, 1, 1, "Rotation, degrees", 176.0, 48.0
12.05.2023 10:42:51, user, 1, 1, "Rotation, degrees", 48.0, 176.0
12.05.2023 10:42:53, user, 1, 1, "Rotation, degrees", 176.0, 48.0
12.05.2023 10:42:57, user, 1, 1, "Rotation, degrees", 48.0, 176.0
12.05.2023 10:43:00, user, 1, 1, "Rotation, degrees", 176.0, 48.0
12.05.2023 10:43:04, user, 1, 1, "Rotation, degrees", 48.0, 176.0
12.05.2023 10:43:06, user, 1, 1, "Rotation, degrees", 176.0, 48.0
12.05.2023 10:43:07, user, 1, 1, "Rotation, degrees", 48.0, 176.0
12.05.2023 10:43:10, user, 1, 1, "Rotation, degrees", 176.0, 48.0
12.05.2023 10:43:12, user, 1, 1, "Rotation, degrees", 48.0, 176.0
12.05.2023 10:43:17, user, 1, 1, "Rotation, degrees", 176.0, 48.0
12.05.2023 10:43:21, user, 1, 1, "Rotation, degrees", 48.0, 176.0
12.05.2023 10:43:23, user, 1, 1, "Rotation, degrees", 176.0, 48.0
12.05.2023 10:43:27, user, 1, 1, "Rotation, degrees", 48.0, 176.0
12.05.2023 10:43:28, user, 1, 1, "Rotation, degrees", 176.0, 48.0
12.05.2023 10:43:30, user, 1, 1, "Rotation, degrees", 48.0, 176.0
12.05.2023 10:43:31, user, 1, 1, "Rotation, degrees", 176.0, 48.0
12.05.2023 10:43:32, user, 1, 1, "Rotation, degrees", 48.0, 176.0
12.05.2023 10:43:35, user, 1, 1, "Rotation, degrees", 176.0, 48.0
12.05.2023 10:43:38, user, 1, 1, "Rotation, degrees", 48.0, 176.0
12.05.2023 10:43:42, user, 1, 1, "Rotation, degrees", 176.0, 48.0
12.05.2023 10:43:43, user, 1, 1, "Rotation, degrees", 48.0, 176.0
12.05.2023 10:43:44, user, 1, 1, "Rotation, degrees", 176.0, 48.0
12.05.2023 10:43:46, user, 1, 1, "Rotation, degrees", 48.0, 176.0
12.05.2023 10:43:51, user, 1, 1, "Rotation, degrees", 176.0, 48.0
12.05.2023 10:43:57, user, 1, 1, "Rotation, degrees", 48.0, 176.0
12.05.2023 10:43:58, user, 1, 1, "Rotation, degrees", 176.0, 48.0
12.05.2023 10:44:00, user, 1, 1, "Rotation, degrees", 48.0, 176.0
12.05.2023 10:44:02, user, 1, 1, "Rotation, degrees", 176.0, 48.0
12.05.2023 10:44:12, user, 1, 1, "Rotation, degrees", 48.0, 176.0
12.05.2023 10:44:13, user, 1, 1, "Rotation, degrees", 176.0, 48.0
12.05.2023 10:44:14, user, 1, 1, "Rotation, degrees", 48.0, 176.0
12.05.2023 10:44:15, user, 1, 1, "Rotation, degrees", 176.0, 48.0
12.05.2023 10:44:16, user, 1, 1, "Rotation, degrees", 48.0, 176.0
12.05.2023 10:44:20, user, 1, 1, "Rotation, degrees", 176.0, 48.0
12.05.2023 10:44:24, user, 1, 1, "Rotation, degrees", 48.0, 176.0
12.05.2023 10:44:25, user, 1, 1, "Rotation, degrees", 176.0, 48.0
12.05.2023 10:44:31, user, 1, 1, "Rotation, degrees", 48.0, 176.0
12.05.2023 10:44:35, user, 1, 1, "Rotation, degrees", 176.0, 48.0
12.05.2023 10:44:36, user, 1, 1, "Rotation, degrees", 48.0, 176.0
12.05.2023 10:44:37, user, 1, 1, "Rotation, degrees", 176.0, 48.0
12.05.2023 10:44:38, user, 1, 1, "Rotation, degrees", 48.0, 176.0
12.05.2023 10:44:39, user, 1, 1, "Rotation, degrees", 176.0, 48.0
12.05.2023 10:44:40, user, 1, 1, "Rotation, degrees", 48.0, 176.0
12.05.2023 10:44:41, user, 1, 1, "Rotation, degrees", 176.0, 48.0
12.05.2023 10:44:44, user, 1, 1, "Rotation, degrees", 48.0, 176.0
12.05.2023 10:44:45, user, 1, 1, "Rotation, degrees", 176.0, 48.0
12.05.2023 10:44:48, user, 1, 1, "Rotation, degrees", 48.0, 176.0
12.05.2023 10:44:50, user, 1, 1, "Rotation, degrees", 176.0, 48.0
12.05.2023 10:44:56, user, 1, 1, "Rotation, degrees", 48.0, 176.0
12.05.2023 10:44:57, user, 1, 1, "Rotation, degrees", 176.0, 48.0
12.05.2023 10:44:59, user, 1, 1, "Rotation, degrees", 48.0, 176.0
12.05.2023 10:45:05, user, 1, 1, "Rotation, degrees", 176.0, 48.0
12.05.2023 10:45:06, user, 1, 1, "Rotation, degrees", 48.0, 176.0
12.05.2023 10:45:08, user, 1, 1, "Rotation, degrees", 176.0, 48.0
12.05.2023 10:45:10, user, 1, 1, "Rotation, degrees", 48.0, 176.0
12.05.2023 10:45:11, user, 1, 1, "Rotation, degrees", 176.0, 48.0
12.05.2023 10:45:16, user, 1, 1, "Rotation, degrees", 48.0, 176.0
12.05.2023 10:45:19, user, 1, 1, "Rotation, degrees", 176.0, 48.0
12.05.2023 10:45:24, user, 1, 1, "Rotation, degrees", 48.0, 176.0
12.05.2023 10:45:25, user, 1, 1, "Rotation, degrees", 176.0, 48.0
12.05.2023 10:45:30, user, 1, 1, "Rotation, degrees", 48.0, 176.0
12.05.2023 10:45:33, user, 1, 1, "Rotation, degrees", 176.0, 48.0
12.05.2023 10:45:42, user, 1, 1, "Rotation, degrees", 48.0, 176.0
12.05.2023 10:45:43, user, 1, 1, "Rotation, degrees", 176.0, 48.0
12.05.2023 10:45:44, user, 1, 1, "Rotation, degrees", 48.0, 176.0
12.05.2023 10:45:45, user, 1, 1, "Rotation, degrees", 176.0, 48.0
12.05.2023 10:45:46, user, 1, 1, "Rotation, degrees", 48.0, 176.0
12.05.2023 10:45:47, user, 1, 1, "Rotation, degrees", 176.0, 48.0
12.05.2023 10:45:50, user, 1, 1, "Rotation, degrees", 48.0, 176.0
12.05.2023 10:45:51, user, 1, 1, "Rotation, degrees", 176.0, 48.0
12.05.2023 10:45:52, user, 1, 1, "Rotation, degrees", 48.0, 176.0
12.05.2023 10:45:57, user, 1, 1, "Rotation, degrees", 176.0, 48.0
12.05.2023 10:45:58, user, 1, 1, "Rotation, degrees", 48.0, 176.0
12.05.2023 10:46:02, user, 1, 1, "Rotation, degrees", 176.0, 48.0
12.05.2023 10:46:06, user, 1, 1, "Rotation, degrees", 48.0, 176.0
12.05.2023 10:46:10, user, 1, 1, "Rotation, degrees", 176.0, 48.0
12.05.2023 10:46:12, user, 1, 1, "Rotation, degrees", 48.0, 176.0
12.05.2023 10:46:14, user, 1, 1, "Rotation, degrees", 176.0, 48.0
12.05.2023 10:46:15, user, 1, 1, "Rotation, degrees", 48.0, 176.0
12.05.2023 10:46:16, user, 1, 1, "Rotation, degrees", 176.0, 48.0
12.05.2023 10:46:17, user, 1, 1, "Rotation, degrees", 48.0, 176.0
12.05.2023 10:46:18, user, 1, 1, "Rotation, degrees", 176.0, 48.0
12.05.2023 10:46:19, user, 1, 1, "Rotation, degrees", 48.0, 176.0
12.05.2023 10:46:20, user, 1, 1, "Rotation, degrees", 176.0, 48.0
12.05.2023 10:46:24, user, 1, 1, "Rotation, degrees", 48.0, 176.0
12.05.2023 10:46:26, user, 1, 1, "Rotation, degrees", 176.0, 48.0
12.05.2023 10:46:28, user, 1, 1, "Rotation, degrees", 48.0, 176.0
12.05.2023 10:46:30, user, 1, 1, "Rotation, degrees", 176.0, 48.0
12.05.2023 10:46:31, user, 1, 1, "Rotation, degrees", 48.0, 176.0
12.05.2023 10:46:35, user, 1, 1, "Rotation, degrees", 176.0, 48.0
12.05.2023 10:46:36, user, 1, 1, "Rotation, degrees", 48.0, 176.0
12.05.2023 10:46:37, user, 1, 1, "Rotation, degrees", 176.0, 48.0
12.05.2023 10:46:38, user, 1, 1, "Rotation, degrees", 48.0, 176.0
12.05.2023 10:46:42, user, 1, 1, "Rotation, degrees", 176.0, 48.0
12.05.2023 10:46:48, user, 1, 1, "Rotation, degrees", 48.0, 176.0
12.05.2023 10:46:52, user, 1, 1, "Rotation, degrees", 176.0, 48.0
12.05.2023 10:46:55, user, 1, 1, "Rotation, degrees", 48.0, 176.0
12.05.2023 10:46:56, user, 1, 1, "Rotation, degrees", 176.0, 48.0
12.05.2023 10:46:57, user, 1, 1, "Rotation, degrees", 48.0, 176.0
12.05.2023 10:46:58, user, 1, 1, "Rotation, degrees", 176.0, 48.0
12.05.2023 10:47:00, user, 1, 1, "Rotation, degrees", 48.0, 176.0
12.05.2023 10:47:02, user, 1, 1, "Rotation, degrees", 176.0, 48.0
12.05.2023 10:47:03, user, 1, 1, "Rotation, degrees", 48.0, 176.0
12.05.2023 10:47:04, user, 1, 1, "Rotation, degrees", 176.0, 48.0
12.05.2023 10:47:05, user, 1, 1, "Rotation, degrees", 48.0, 176.0
12.05.2023 10:47:06, user, 1, 1, "Rotation, degrees", 176.0, 48.0
12.05.2023 10:47:07, user, 1, 1, "Rotation, degrees", 48.0, 176.0
12.05.2023 10:47:08, user, 1, 1, "Rotation, degrees", 176.0, 48.0
12.05.2023 10:47:13, user, 1, 1, "Rotation, degrees", 48.0, 176.0
12.05.2023 10:47:15, user, 1, 1, "Rotation, degrees", 176.0, 48.0
12.05.2023 10:47:24, user, 1, 1, "Rotation, degrees", 48.0, 176.0
12.05.2023 10:47:26, user, 1, 1, "Rotation, degrees", 176.0, 48.0
12.05.2023 10:47:28, user, 1, 1, "Rotation, degrees", 48.0, 176.0
12.05.2023 10:47:29, user, 1, 1, "Rotation, degrees", 176.0, 48.0
12.05.2023 10:47:34, user, 1, 1, "Rotation, degrees", 48.0, 176.0
12.05.2023 10:47:37, user, 1, 1, "Rotation, degrees", 176.0, 48.0
12.05.2023 10:47:38, user, 1, 1, "Rotation, degrees", 48.0, 176.0
12.05.2023 10:47:39, user, 1, 1, "Rotation, degrees", 176.0, 48.0
12.05.2023 10:47:41, user, 1, 1, "Rotation, degrees", 48.0, 176.0
12.05.2023 10:47:43, user, 1, 1, "Rotation, degrees", 176.0, 48.0
12.05.2023 10:47:44, user, 1, 1, "Rotation, degrees", 48.0, 176.0
12.05.2023 10:47:45, user, 1, 1, "Rotation, degrees", 176.0, 48.0
12.05.2023 10:47:48, user, 1, 1, "Rotation, degrees", 48.0, 176.0
12.05.2023 10:47:50, user, 1, 1, "Rotation, degrees", 176.0, 48.0
12.05.2023 10:47:56, user, 1, 1, "Rotation, degrees", 48.0, 176.0
12.05.2023 10:47:59, user, 1, 1, "Rotation, degrees", 176.0, 48.0
12.05.2023 10:48:05, user, 1, 1, "Rotation, degrees", 48.0, 176.0
12.05.2023 10:48:08, user, 1, 1, "Rotation, degrees", 176.0, 48.0
12.05.2023 10:48:09, user, 1, 1, "Rotation, degrees", 48.0, 176.0
12.05.2023 10:48:10, user, 1, 1, "Rotation, degrees", 176.0, 48.0
12.05.2023 10:48:12, user, 1, 1, "Rotation, degrees", 48.0, 176.0
12.05.2023 10:48:13, user, 1, 1, "Rotation, degrees", 176.0, 48.0
12.05.2023 10:48:14, user, 1, 1, "Rotation, degrees", 48.0, 176.0
12.05.2023 10:48:16, user, 1, 1, "Rotation, degrees", 176.0, 48.0
12.05.2023 10:48:17, user, 1, 1, "Rotation, degrees", 48.0, 176.0
12.05.2023 10:48:18, user, 1, 1, "Rotation, degrees", 176.0, 48.0
12.05.2023 10:48:29, user, 1, 1, "Rotation, degrees", 48.0, 176.0
12.05.2023 10:48:30, user, 1, 1, "Rotation, degrees", 176.0, 48.0
12.05.2023 10:48:31, user, 1, 1, "Rotation, degrees", 48.0, 176.0
12.05.2023 10:48:38, user, 1, 1, "Rotation, degrees", 176.0, 48.0
12.05.2023 10:48:39, user, 1, 1, "Rotation, degrees", 48.0, 176.0
12.05.2023 10:48:40, user, 1, 1, "Rotation, degrees", 176.0, 48.0
12.05.2023 10:48:42, user, 1, 1, "Rotation, degrees", 48.0, 176.0
12.05.2023 10:48:45, user, 1, 1, "Rotation, degrees", 176.0, 48.0
12.05.2023 10:48:48, user, 1, 1, "Rotation, degrees", 48.0, 176.0
12.05.2023 10:48:49, user, 1, 1, "Rotation, degrees", 176.0, 48.0
12.05.2023 10:48:53, user, 1, 1, "Rotation, degrees", 48.0, 176.0
12.05.2023 10:48:54, user, 1, 1, "Rotation, degrees", 176.0, 48.0
12.05.2023 10:49:01, user, 1, 1, "Rotation, degrees", 48.0, 176.0
12.05.2023 10:49:05, user, 1, 1, "Rotation, degrees", 176.0, 48.0
12.05.2023 10:49:08, user, 1, 1, "Rotation, degrees", 48.0, 176.0
12.05.2023 10:49:12, user, 1, 1, "Rotation, degrees", 176.0, 48.0
12.05.2023 10:49:15, user, 1, 1, "Rotation, degrees", 48.0, 176.0
12.05.2023 10:49:20, user, 1, 1, "Rotation, degrees", 176.0, 48.0
12.05.2023 10:49:24, user, 1, 1, "Rotation, degrees", 48.0, 176.0
12.05.2023 10:49:25, user, 1, 1, "Rotation, degrees", 176.0, 48.0
12.05.2023 10:49:27, user, 1, 1, "Rotation, degrees", 48.0, 176.0
12.05.2023 10:49:28, user, 1, 1, "Rotation, degrees", 176.0, 48.0
12.05.2023 10:49:29, user, 1, 1, "Rotation, degrees", 48.0, 176.0
12.05.2023 10:49:30, user, 1, 1, "Rotation, degrees", 176.0, 48.0
12.05.2023 10:49:33, user, 1, 1, "Rotation, degrees", 48.0, 176.0
12.05.2023 10:49:34, user, 1, 1, "Rotation, degrees", 176.0, 48.0
12.05.2023 10:49:35, user, 1, 1, "Rotation, degrees", 48.0, 176.0
12.05.2023 10:49:36, user, 1, 1, "Rotation, degrees", 176.0, 48.0
12.05.2023 10:49:37, user, 1, 1, "Rotation, degrees", 48.0, 176.0
12.05.2023 10:49:40, user, 1, 1, "Rotation, degrees", 176.0, 48.0
12.05.2023 10:49:45, user, 1, 1, "Rotation, degrees", 48.0, 176.0
12.05.2023 10:49:46, user, 1, 1, "Rotation, degrees", 176.0, 48.0
12.05.2023 10:49:47, user, 1, 1, "Rotation, degrees", 48.0, 176.0
12.05.2023 10:49:48, user, 1, 0, "1D/2D/3D", 1D, 2D
12.05.2023 10:49:50, user, 19, 1, remove submap, 
12.05.2023 10:49:50, user, 1, 1, "Rotation, degrees", 176.0, 48.0
12.05.2023 10:49:53, user, 19, 2, remove submap, 
12.05.2023 10:49:53, user, 1, 1, "Rotation, degrees", 48.0, 176.0
12.05.2023 10:49:54, user, 1, 1, "Rotation, degrees", 176.0, 48.0
12.05.2023 10:49:57, user, 1, 1, "Rotation, degrees", 48.0, 176.0
12.05.2023 10:50:00, user, 1, 1, "Rotation, degrees", 176.0, 48.0
12.05.2023 10:50:03, user, 1, 1, "Rotation, degrees", 48.0, 176.0
12.05.2023 10:50:05, user, 1, 1, "Rotation, degrees", 176.0, 48.0
12.05.2023 10:50:06, user, 1, 1, "Rotation, degrees", 48.0, 176.0
12.05.2023 10:50:07, user, 1, 1, "Rotation, degrees", 176.0, 48.0
12.05.2023 10:50:08, user, 1, 1, "Rotation, degrees", 48.0, 176.0
12.05.2023 10:50:09, user, 1, 1, "Rotation, degrees", 176.0, 48.0
12.05.2023 10:50:12, user, 1, 1, "Rotation, degrees", 48.0, 176.0
12.05.2023 10:50:15, user, 1, 1, "Rotation, degrees", 176.0, 48.0
12.05.2023 10:50:18, user, 1, 1, "Rotation, degrees", 48.0, 176.0
12.05.2023 10:50:20, user, 1, 1, "Rotation, degrees", 176.0, 48.0
12.05.2023 10:50:24, user, 1, 1, "Rotation, degrees", 48.0, 176.0
12.05.2023 10:50:26, user, 1, 1, "Rotation, degrees", 176.0, 48.0
12.05.2023 10:50:27, user, 1, 1, "Rotation, degrees", 48.0, 176.0
12.05.2023 10:50:30, user, 1, 1, "Rotation, degrees", 176.0, 48.0
12.05.2023 10:50:32, user, 1, 1, "Rotation, degrees", 48.0, 176.0
12.05.2023 10:50:35, user, 1, 1, "Rotation, degrees", 176.0, 48.0
12.05.2023 10:50:37, user, 1, 1, "Rotation, degrees", 48.0, 176.0
12.05.2023 10:50:38, user, 1, 1, "Rotation, degrees", 176.0, 48.0
12.05.2023 10:50:40, user, 1, 1, "Rotation, degrees", 48.0, 176.0
12.05.2023 10:50:42, user, 1, 1, "Rotation, degrees", 176.0, 48.0
12.05.2023 10:50:47, user, 1, 1, "Rotation, degrees", 48.0, 176.0
12.05.2023 10:50:51, user, 1, 1, "Rotation, degrees", 176.0, 48.0
12.05.2023 10:50:52, user, 1, 1, "Rotation, degrees", 48.0, 176.0
12.05.2023 10:50:53, user, 1, 1, "Rotation, degrees", 176.0, 48.0
12.05.2023 10:50:57, user, 1, 1, "Rotation, degrees", 48.0, 176.0
12.05.2023 10:51:01, user, 1, 1, "Rotation, degrees", 176.0, 48.0
12.05.2023 10:51:08, user, 1, 1, "Rotation, degrees", 48.0, 176.0
12.05.2023 10:51:11, user, 1, 1, "Rotation, degrees", 176.0, 48.0
12.05.2023 10:51:12, user, 14, 10, device remove from network, 
12.05.2023 10:51:12, user, 7, 0, erase map, 0
12.05.2023 10:51:13, user, 8, 0, load map, C:\Users\vd_sa\Documents\KuLeuven\Master\thesis\Navigation\marvelmind_SW_2022_11_19\01_Common_Indoor_positioning_SW\Dashboard\windows\dashboard\maps\map_2023_05_12__1035_autosave.ini
12.05.2023 10:51:17, user, 1, 1, "Rotation, degrees", 48.0, 176.0
12.05.2023 10:51:30, user, 7, 0, erase map, 0
12.05.2023 10:51:30, user, 8, 0, load map, C:\Users\vd_sa\Documents\KuLeuven\Master\thesis\Navigation\marvelmind_SW_2022_11_19\01_Common_Indoor_positioning_SW\Dashboard\windows\dashboard\maps\map_2023_05_12__1035_autosave.ini
12.05.2023 10:52:13, user, 7, 0, erase map, 0
12.05.2023 10:52:13, user, 8, 0, load map, C:\Users\vd_sa\Documents\KuLeuven\Master\thesis\Navigation\marvelmind_SW_2022_11_19\01_Common_Indoor_positioning_SW\Dashboard\windows\dashboard\maps\map_2023_05_12__1035_autosave.ini
12.05.2023 10:52:25, user, 1, 1, "Rotation, degrees", 176.0, 0.0
12.05.2023 10:52:26, user, 1, 1, "Rotation, degrees", 0.0, 176.0
12.05.2023 10:52:49, user, 1, 0, "1D/2D/3D", 2D, none (no beacons)
12.05.2023 10:53:02, user, 7, 0, erase map, 0
12.05.2023 10:53:02, user, 8, 0, load map, C:\Users\vd_sa\Documents\KuLeuven\Master\thesis\Navigation\marvelmind_SW_2022_11_19\01_Common_Indoor_positioning_SW\Dashboard\windows\dashboard\maps\DEZE_MISSCHIEN_GOED.ini
12.05.2023 10:53:02, user, 1, 1, "Location update rate", 16 Hz, 8 Hz
12.05.2023 10:53:02, user, 1, 1, "High resolution mode (mm)", disabled, enabled
12.05.2023 10:53:02, user, 1, 1, "Intermediate frequency (ID), kHz", 0, 203
12.05.2023 10:53:02, user, 1, 1, "Deviation frequency, kHz", 0.000, 47.607
12.05.2023 10:53:02, user, 1, 1, "Channel bandwidth, kHz", 30.093, 325.000
12.05.2023 10:53:02, user, 11, 1, device wake, 
12.05.2023 10:53:02, user, 11, 2, device wake, 
12.05.2023 10:53:02, user, 11, 3, device wake, 
12.05.2023 10:53:02, user, 11, 4, device wake, 
12.05.2023 10:53:02, user, 11, 5, device wake, 
12.05.2023 10:53:02, user, 11, 7, device wake, 
12.05.2023 10:53:06, user, 1, 1, "Location update rate", 8 Hz, 16 Hz
12.05.2023 10:53:06, user, 1, 1, "High resolution mode (mm)", enabled, disabled
12.05.2023 10:53:13, user, 11, 1, device wake, 
12.05.2023 10:53:13, user, 11, 2, device wake, 
12.05.2023 10:53:13, user, 11, 3, device wake, 
12.05.2023 10:53:13, user, 11, 4, device wake, 
12.05.2023 10:53:13, user, 11, 5, device wake, 
12.05.2023 10:53:13, user, 11, 7, device wake, 
12.05.2023 10:53:32, user, 1, 1, "Rotation, degrees", 176.0, 48.0
12.05.2023 10:53:33, user, 1, 1, "Rotation, degrees", 48.0, 176.0
12.05.2023 10:53:36, user, 1, 1, "Rotation, degrees", 176.0, 48.0
12.05.2023 10:53:38, user, 1, 1, "Rotation, degrees", 48.0, 176.0
12.05.2023 10:53:41, user, 1, 1, "Rotation, degrees", 176.0, 48.0
12.05.2023 10:53:42, user, 1, 1, "Rotation, degrees", 48.0, 176.0
12.05.2023 10:53:46, user, 1, 1, "Rotation, degrees", 176.0, 48.0
12.05.2023 10:53:48, user, 1, 1, "Rotation, degrees", 48.0, 176.0
12.05.2023 10:53:52, user, 1, 1, "Rotation, degrees", 176.0, 48.0
12.05.2023 10:53:53, user, 1, 1, "Rotation, degrees", 48.0, 176.0
12.05.2023 10:53:56, user, 1, 1, "Rotation, degrees", 176.0, 48.0
12.05.2023 10:53:58, user, 1, 1, "Rotation, degrees", 48.0, 176.0
12.05.2023 10:54:06, user, 1, 1, "Rotation, degrees", 176.0, 48.0
12.05.2023 10:54:08, user, 1, 1, "Rotation, degrees", 48.0, 176.0
12.05.2023 10:54:11, user, 1, 1, "Rotation, degrees", 176.0, 48.0
12.05.2023 10:54:13, user, 1, 1, "Rotation, degrees", 48.0, 176.0
12.05.2023 10:54:15, user, 1, 1, "Rotation, degrees", 176.0, 48.0
12.05.2023 10:54:16, user, 1, 1, "Rotation, degrees", 48.0, 176.0
12.05.2023 10:54:17, user, 1, 1, "Rotation, degrees", 176.0, 48.0
12.05.2023 10:54:18, user, 1, 1, "Rotation, degrees", 48.0, 176.0
12.05.2023 10:54:25, user, 1, 1, "Rotation, degrees", 176.0, 48.0
12.05.2023 10:54:26, user, 1, 1, "Rotation, degrees", 48.0, 176.0
12.05.2023 10:54:30, user, 7, 0, erase map, 0
12.05.2023 10:54:31, user, 8, 0, load map, C:\Users\vd_sa\Documents\KuLeuven\Master\thesis\Navigation\marvelmind_SW_2022_11_19\01_Common_Indoor_positioning_SW\Dashboard\windows\dashboard\maps\09_05_2023.ini
12.05.2023 10:54:31, user, 1, 1, "Intermediate frequency (ID), kHz", 0, 203
12.05.2023 10:54:31, user, 1, 1, "Deviation frequency, kHz", 0.000, 47.607
12.05.2023 10:54:31, user, 1, 1, "Channel bandwidth, kHz", 30.093, 325.000
12.05.2023 10:54:31, user, 11, 1, device wake, 
12.05.2023 10:54:31, user, 11, 2, device wake, 
12.05.2023 10:54:31, user, 11, 3, device wake, 
12.05.2023 10:54:31, user, 11, 4, device wake, 
12.05.2023 10:54:31, user, 11, 7, device wake, 
12.05.2023 10:54:31, user, 11, 8, device wake, 
12.05.2023 10:54:31, user, 11, 10, device wake, 
12.05.2023 10:54:41, user, 11, 10, device wake, 
12.05.2023 10:54:52, user, 1, 1, "Rotation, degrees", 176.0, 48.0
12.05.2023 10:54:53, user, 1, 1, "Rotation, degrees", 48.0, 176.0
12.05.2023 10:55:07, user, 1, 1, "Rotation, degrees", 176.0, 48.0
12.05.2023 10:55:08, user, 1, 1, "Rotation, degrees", 48.0, 176.0
12.05.2023 10:55:10, user, 1, 1, "Rotation, degrees", 176.0, 48.0
12.05.2023 10:55:11, user, 1, 1, "Rotation, degrees", 48.0, 176.0
12.05.2023 10:55:13, user, 1, 1, "Rotation, degrees", 176.0, 48.0
12.05.2023 10:55:16, user, 1, 1, "Rotation, degrees", 48.0, 176.0
12.05.2023 10:55:18, user, 1, 1, "Rotation, degrees", 176.0, 48.0
12.05.2023 10:55:19, user, 1, 1, "Rotation, degrees", 48.0, 176.0
12.05.2023 10:55:28, user, 1, 1, "Rotation, degrees", 176.0, 48.0
12.05.2023 10:55:31, user, 1, 1, "Rotation, degrees", 48.0, 176.0
12.05.2023 10:55:34, user, 1, 1, "Rotation, degrees", 176.0, 48.0
12.05.2023 10:55:35, user, 1, 1, "Rotation, degrees", 48.0, 176.0
12.05.2023 10:55:37, user, 7, 0, erase map, 0
12.05.2023 10:55:37, user, 8, 0, load map, C:\Users\vd_sa\Documents\KuLeuven\Master\thesis\Navigation\marvelmind_SW_2022_11_19\01_Common_Indoor_positioning_SW\Dashboard\windows\dashboard\maps\map_2023_05_12__1035_autosave.ini
12.05.2023 10:56:06, user, 7, 0, erase map, 0
12.05.2023 10:56:07, user, 8, 0, load map, C:\Users\vd_sa\Documents\KuLeuven\Master\thesis\Navigation\marvelmind_SW_2022_11_19\01_Common_Indoor_positioning_SW\Dashboard\windows\dashboard\maps\map_2023_05_09__1026_autosave.ini
12.05.2023 10:56:07, user, 1, 1, "Intermediate frequency (ID), kHz", 0, 203
12.05.2023 10:56:07, user, 1, 1, "Deviation frequency, kHz", 0.000, 47.607
12.05.2023 10:56:07, user, 1, 1, "Channel bandwidth, kHz", 30.093, 325.000
12.05.2023 10:56:07, user, 11, 1, device wake, 
12.05.2023 10:56:07, user, 11, 2, device wake, 
12.05.2023 10:56:07, user, 11, 3, device wake, 
12.05.2023 10:56:07, user, 11, 4, device wake, 
12.05.2023 10:56:07, user, 11, 7, device wake, 
12.05.2023 10:56:07, user, 11, 8, device wake, 
12.05.2023 10:56:07, user, 11, 10, device wake, 
12.05.2023 10:56:17, user, 11, 1, device wake, 
12.05.2023 10:56:17, user, 11, 2, device wake, 
12.05.2023 10:56:17, user, 11, 3, device wake, 
12.05.2023 10:56:17, user, 11, 4, device wake, 
12.05.2023 10:56:17, user, 11, 7, device wake, 
12.05.2023 10:56:17, user, 11, 8, device wake, 
12.05.2023 10:56:17, user, 11, 10, device wake, 
12.05.2023 10:56:30, user, 1, 1, "Rotation, degrees", 176.0, 48.0
12.05.2023 10:56:31, user, 1, 1, "Rotation, degrees", 48.0, 176.0
12.05.2023 10:56:35, user, 1, 1, "Rotation, degrees", 176.0, 48.0
12.05.2023 10:56:37, user, 1, 1, "Rotation, degrees", 48.0, 176.0
12.05.2023 10:56:38, user, 1, 1, "Rotation, degrees", 176.0, 48.0
12.05.2023 10:56:40, user, 1, 1, "Rotation, degrees", 48.0, 176.0
12.05.2023 10:56:41, user, 1, 1, "Rotation, degrees", 176.0, 48.0
12.05.2023 10:56:43, user, 2, 0, map freeze, 1
12.05.2023 10:56:45, user, 1, 1, "Rotation, degrees", 48.0, 176.0
12.05.2023 10:56:46, user, 1, 1, "Rotation, degrees", 176.0, 48.0
12.05.2023 10:56:47, user, 1, 1, "Rotation, degrees", 48.0, 176.0
12.05.2023 10:56:48, user, 11, 10, device wake, 
12.05.2023 10:56:48, user, 11, 10, device wake, 
12.05.2023 10:56:48, user, 1, 1, "Rotation, degrees", 176.0, 48.0
12.05.2023 10:56:51, user, 1, 1, "Rotation, degrees", 48.0, 176.0
12.05.2023 10:56:52, user, 1, 1, "Rotation, degrees", 176.0, 48.0
12.05.2023 10:56:53, user, 1, 1, "Rotation, degrees", 48.0, 176.0
12.05.2023 10:56:54, user, 1, 1, "Rotation, degrees", 176.0, 48.0
12.05.2023 10:56:55, user, 1, 1, "Rotation, degrees", 48.0, 176.0
12.05.2023 10:56:56, user, 1, 1, "Rotation, degrees", 176.0, 48.0
12.05.2023 10:56:58, user, 1, 1, "Rotation, degrees", 48.0, 176.0
12.05.2023 10:56:59, user, 1, 1, "Rotation, degrees", 176.0, 48.0
12.05.2023 10:57:01, user, 1, 1, "Rotation, degrees", 48.0, 176.0
12.05.2023 10:57:02, user, 1, 1, "Rotation, degrees", 176.0, 48.0
12.05.2023 10:57:05, user, 1, 1, "Rotation, degrees", 48.0, 176.0
12.05.2023 10:57:06, user, 1, 1, "Rotation, degrees", 176.0, 48.0
12.05.2023 10:57:10, user, 1, 1, "Rotation, degrees", 48.0, 176.0
12.05.2023 10:57:13, user, 1, 1, "Rotation, degrees", 176.0, 48.0
12.05.2023 10:57:14, user, 1, 1, "Rotation, degrees", 48.0, 176.0
12.05.2023 10:57:16, user, 1, 1, "Rotation, degrees", 176.0, 48.0
12.05.2023 10:57:19, user, 1, 1, "Rotation, degrees", 48.0, 176.0
12.05.2023 10:57:21, user, 1, 1, "Rotation, degrees", 176.0, 48.0
12.05.2023 10:57:23, user, 1, 1, "Rotation, degrees", 48.0, 176.0
12.05.2023 10:57:24, user, 1, 1, "Rotation, degrees", 176.0, 48.0
12.05.2023 10:57:25, user, 1, 1, "Rotation, degrees", 48.0, 176.0
12.05.2023 10:57:27, user, 1, 1, "Rotation, degrees", 176.0, 48.0
12.05.2023 10:57:28, user, 1, 1, "Rotation, degrees", 48.0, 176.0
12.05.2023 10:57:29, user, 1, 1, "Rotation, degrees", 176.0, 48.0
12.05.2023 10:57:30, user, 1, 1, "Rotation, degrees", 48.0, 176.0
12.05.2023 10:57:31, user, 1, 1, "Rotation, degrees", 176.0, 48.0
12.05.2023 10:57:32, user, 1, 1, "Rotation, degrees", 48.0, 176.0
12.05.2023 10:57:35, user, 1, 1, "Rotation, degrees", 176.0, 48.0
12.05.2023 10:57:37, user, 1, 1, "Rotation, degrees", 48.0, 176.0
12.05.2023 10:57:38, user, 1, 1, "Rotation, degrees", 176.0, 48.0
12.05.2023 10:57:39, user, 1, 1, "Rotation, degrees", 48.0, 176.0
12.05.2023 10:57:40, user, 1, 1, "Rotation, degrees", 176.0, 48.0
12.05.2023 10:57:41, user, 1, 1, "Rotation, degrees", 48.0, 176.0
12.05.2023 10:57:42, user, 1, 1, "Rotation, degrees", 176.0, 48.0
12.05.2023 10:57:43, user, 1, 1, "Rotation, degrees", 48.0, 176.0
12.05.2023 10:57:51, user, 1, 1, "Rotation, degrees", 176.0, 48.0
12.05.2023 10:57:52, user, 1, 1, "Rotation, degrees", 48.0, 176.0
12.05.2023 10:57:57, user, 1, 1, "Rotation, degrees", 176.0, 48.0
12.05.2023 10:57:58, user, 1, 1, "Rotation, degrees", 48.0, 176.0
12.05.2023 10:58:02, user, 1, 1, "Rotation, degrees", 176.0, 48.0
12.05.2023 10:58:03, user, 1, 1, "Rotation, degrees", 48.0, 176.0
12.05.2023 10:58:04, user, 1, 1, "Rotation, degrees", 176.0, 48.0
12.05.2023 10:58:06, user, 1, 1, "Rotation, degrees", 48.0, 176.0
12.05.2023 10:58:07, user, 1, 1, "Rotation, degrees", 176.0, 48.0
12.05.2023 10:58:08, user, 1, 1, "Rotation, degrees", 48.0, 176.0
12.05.2023 10:58:10, user, 1, 1, "Rotation, degrees", 176.0, 48.0
12.05.2023 10:58:13, user, 1, 1, "Rotation, degrees", 48.0, 176.0
12.05.2023 10:58:14, user, 1, 1, "Rotation, degrees", 176.0, 48.0
12.05.2023 10:58:15, user, 1, 1, "Rotation, degrees", 48.0, 176.0
12.05.2023 10:58:16, user, 1, 1, "Rotation, degrees", 176.0, 48.0
12.05.2023 10:58:17, user, 1, 1, "Rotation, degrees", 48.0, 176.0
12.05.2023 10:58:18, user, 1, 1, "Rotation, degrees", 176.0, 48.0
12.05.2023 10:58:19, user, 1, 1, "Rotation, degrees", 48.0, 176.0
12.05.2023 10:58:20, user, 1, 1, "Rotation, degrees", 176.0, 48.0
12.05.2023 10:58:22, user, 1, 1, "Rotation, degrees", 48.0, 176.0
12.05.2023 10:58:23, user, 1, 1, "Rotation, degrees", 176.0, 48.0
12.05.2023 10:58:24, user, 1, 1, "Rotation, degrees", 48.0, 176.0
12.05.2023 10:58:25, user, 1, 1, "Rotation, degrees", 176.0, 48.0
12.05.2023 10:58:33, user, 1, 1, "Rotation, degrees", 48.0, 176.0
12.05.2023 10:58:36, user, 1, 1, "Rotation, degrees", 176.0, 48.0
12.05.2023 10:58:40, user, 1, 1, "Rotation, degrees", 48.0, 176.0
